run_id	max_median_s21	max_median_s51	max_median_s101	freq_EM	freq_EA
191	168.0	155.0	145.0	9.2053125	7.124712499999999
320	175.0	166.0	162.0	12.659825	9.04555
71	147.0	135.0	131.0	8.950725	6.86015
445	163.0	161.0	151.0	11.400400000000001	8.634274999999999
254	149.0	136.0	112.0	12.812125	9.481950000000001
281	168.0	155.0	153.0	12.082675	8.936875
353	157.0	151.0	150.0	11.582375	8.713575
