run_id	max_median_s21	max_median_s51	max_median_s101	max_average_s100	freq_EM	freq_EA
18596	40.0	35.0	32.0	36.77	5.74955	5.344250000000001
